ITEM;DESCRIPCION;UND;CANT.; VR. UNIT ; VR.TOTAL
1;REMATE CURVO EN LAMINA 3.05x1.22MTS CAL.22 COSTO INCLUYE IVA;;;; 871.995
1,1;REMATE CON PINTURA DE FABRICA CAL 22 DE 120 CMTS CURVO;ML;2,85; 79.712 ; 227.179
1,2;REMATE CON PINTURA DE FABRICA CAL 22 DE 100 CMTS CURVO;ML;2,85; 68.229 ; 194.453
1,3;REMATE CON PINTURA DE FABRICA CAL 22 DE 80 CMTS CURVO;ML;2,85; 57.840 ; 164.844
1,4;REMATE CON PINTURA DE FABRICA CAL 22 DE 60 CMTS CURVO;ML;2,85; 39.961 ; 113.889
1,5;REMATE CON PINTURA DE FABRICA CAL 22 DE 40 CMTS CURVO;ML;2,85; 25.853 ; 73.681
1,6;REMATE CON PINTURA DE FABRICA CAL 22 DE 30 CMTS CURVO;ML;2,85; 20.281 ; 57.801
1,7;REMATE CON PINTURA DE FABRICA CAL 22 DE 20 CMTS CURVO;ML;2,85; 14.087 ; 40.148
;;;; SUBTOTAL REMATE CURVO EN LAMINA 3.05x1.22MTS CAL.22 COSTO INCLUYE IVA ; 871.995
2;REMATE CURVO EN LAMINA 3.05x1.22MTS CAL.24 COSTO INCLUYE IVA;;;; 674.675
2,1;REMATE CON PINTURA DE FABRICA CAL 24 DE 120 CMTS CURVO;ML;2,85; 61.469 ; 175.187
2,2;REMATE CON PINTURA DE FABRICA CAL 24 DE 100 CMTS CURVO;ML;2,85; 53.126 ; 151.409
2,3;REMATE CON PINTURA DE FABRICA CAL 24 DE 80 CMTS CURVO;ML;2,85; 45.578 ; 129.897
2,4;REMATE CON PINTURA DE FABRICA CAL 24 DE 60 CMTS CURVO;ML;2,85; 30.690 ; 87.467
2,5;REMATE CON PINTURA DE FABRICA CAL 24 DE 40 CMTS CURVO;ML;2,85; 19.572 ; 55.780
2,6;REMATE CON PINTURA DE FABRICA CAL 24 DE 30 CMTS CURVO;ML;2,85; 15.496 ; 44.164
2,7;REMATE CON PINTURA DE FABRICA CAL 24 DE 20 CMTS CURVO;ML;2,85; 10.797 ; 30.771
;;;; SUBTOTAL REMATE CURVO EN LAMINA 3.05x1.22MTS CAL.24 COSTO INCLUYE IVA ; 674.675
3;REMATE CURVO CON FLEJE CAL.24 COSTO INCLUYE IVA;;;; 459.351
3,1;REMATE CON PINTURA DE FABRICA CAL 24 DE 80 CMTS CURVO;ML;2,85; 71.767 ; 204.536
3,2;REMATE CON PINTURA DE FABRICA CAL 24 DE 60 CMTS CURVO;ML;2,85; 35.441 ; 101.007
3,3;REMATE CON PINTURA DE FABRICA CAL 24 DE 40 CMTS CURVO;ML;2,85; 23.117 ; 65.883
3,4;REMATE CON PINTURA DE FABRICA CAL 24 DE 30 CMTS CURVO;ML;2,85; 18.197 ; 51.861
3,5;REMATE CON PINTURA DE FABRICA CAL 24 DE 20 CMTS CURVO;ML;2,85; 12.654 ; 36.064
;;;; SUBTOTAL REMATE CURVO CON FLEJE CAL.24 COSTO INCLUYE IVA ; 459.351
4;REMATE CURVO CON FLEJE CAL.26 COSTO INCLUYE IVA;;;; 403.629
4,1;REMATE CON PINTURA DE FABRICA CAL 26 DE 80 CMTS CURVO;ML;2,85; 60.015 ; 171.043
4,2;REMATE CON PINTURA DE FABRICA CAL 26 DE 60 CMTS CURVO;ML;2,85; 29.565 ; 84.260
4,3;REMATE CON PINTURA DE FABRICA CAL 26 DE 40 CMTS CURVO;ML;2,85; 26.394 ; 75.223
4,4;REMATE CON PINTURA DE FABRICA CAL 26 DE 30 CMTS CURVO;ML;2,85; 15.115 ; 43.078
4,5;REMATE CON PINTURA DE FABRICA CAL 26 DE 20 CMTS CURVO;ML;2,85; 10.535 ; 30.025
;;;; SUBTOTAL ; 403.629
5;REMATE EN LAMINA 3.05x1.22MTS CAL.22 COSTO INCLUYE IVA;;;; 425.878
5,1;REMATE CON PINTURA DE FABRICA CAL 22 DE 120 CMTS;ML;2,85; 75.607 ; 215.480
5,2;REMATE CON PINTURA DE FABRICA CAL 22 DE 100 CMTS;ML;2,85; 64.831 ; 184.768
5,3;REMATE CON PINTURA DE FABRICA CAL 22 DE 80 CMTS;ML;2,85; 55.080 ; 156.978
5,4;REMATE CON PINTURA DE FABRICA CAL 22 DE 60 CMTS ;ML;2,85; 37.361 ; 106.479
5,5;REMATE CON PINTURA DE FABRICA CAL 22 DE 40 CMTS ;ML;2,85; 24.440 ; 69.654
5,6;REMATE CON PINTURA DE FABRICA CAL 22 DE 30 CMTS ;ML;2,85; 19.204 ; 54.731
5,7;REMATE CON PINTURA DE FABRICA CAL 22 DE 20 CMTS ;ML;2,85; 13.346 ; 38.036
;;;; SUBTOTAL REMATE EN LAMINA 3.05x1.22MTS CAL.22 COSTO INCLUYE IVA ; 425.878
6;REMATE EN LAMINA 3.05x1.22MTS CAL.24 COSTO INCLUYE IVA;;;; 330.295
6,1;REMATE CON PINTURA DE FABRICA CAL 24 DE 120 CMTS;ML;2,85; 58.486 ; 166.685
6,2;REMATE CON PINTURA DE FABRICA CAL 24 DE 100 CMTS;ML;2,85; 50.657 ; 144.372
6,3;REMATE CON PINTURA DE FABRICA CAL 24 DE 80 CMTS;ML;2,85; 43.573 ; 124.183
6,4;REMATE CON PINTURA DE FABRICA CAL 24 DE 60 CMTS ;ML;2,85; 28.801 ; 82.083
6,5;REMATE CON PINTURA DE FABRICA CAL 24 DE 40 CMTS ;ML;2,85; 18.546 ; 52.856
6,6;REMATE CON PINTURA DE FABRICA CAL 24 DE 30 CMTS ;ML;2,85; 14.714 ; 41.935
6,7;REMATE CON PINTURA DE FABRICA CAL 24 DE 20 CMTS ;ML;2,85; 10.259 ; 29.238
;;;; SUBTOTAL REMATE EN LAMINA 3.05x1.22MTS CAL.24 COSTO INCLUYE IVA ; 330.295
7;REMATE CAL.24 CON FLEJE COSTO INCLUYE IVA;;;; 435.780
7,1;REMATE CON PINTURA DE FABRICA CAL 24 DE 80 CMTS;ML;2,85; 68.150 ; 194.228
7,2;REMATE CON PINTURA DE FABRICA CAL 24 DE 60 CMTS;ML;2,85; 33.633 ; 95.854
7,3;REMATE CON PINTURA DE FABRICA CAL 24 DE 40 CMTS;ML;2,85; 21.872 ; 62.335
7,4;REMATE CON PINTURA DE FABRICA CAL 24 DE 30 CMTS;ML;2,85; 17.248 ; 49.157
7,5;REMATE CON PINTURA DE FABRICA CAL 24 DE 20 CMTS;ML;2,85; 12.002 ; 34.206
;;;; SUBTOTAL REMATE CAL.24 CON FLEJE COSTO INCLUYE IVA ; 435.780
8;REMATE CAL.26 CON FLEJE COSTO INCLUYE IVA;;;; 220.690
8,1;REMATE CON PINTURA DE FABRICA CAL 26 DE 80 CMTS;ML;2,85; 57.122 ; 162.798
8,2;REMATE CON PINTURA DE FABRICA CAL 26 DE 60 CMTS ;ML;2,85; 28.119 ; 80.139
8,3;REMATE CON PINTURA DE FABRICA CAL 26 DE 40 CMTS ;ML;2,85; 24.947 ; 71.099
8,4;REMATE CON PINTURA DE FABRICA CAL 26 DE 30 CMTS ;ML;2,85; 14.356 ; 40.915
8,5;REMATE CON PINTURA DE FABRICA CAL 26 DE 20 CMTS ;ML;2,85; 10.013 ; 28.537
;;;; SUBTOTAL REMATE CAL.26 CON FLEJE COSTO INCLUYE IVA ; 220.690
9;INSTALACION DE REMATE + RESIDENTE(33%) Y SISO(100%);;;; 5.147.813
9,1;INSTALACION DE CABALLETE ó LIMATESA;ML;2,85; 39.040 ; 111.264
9,2;INSTALACION DE SOLAPAS CON RANURA;ML;2,85; 29.734 ; 84.742
9,3;INSTALACION DE SOLAPAS SIN RANURA;ML;2,85; 19.674 ; 56.071
9,4;INSTALACION DE GOTERO ;ML;2,85; 14.392 ; 41.017
9,5;INSTALACION DE CONTRACABALLETE;ML;2,85; 22.111 ; 63.016
9,6;INSTALACION DE ESQUINERO;ML;2,85; 29.229 ; 83.303
9,7;INSTALACION DE LIMAHOYA;ML;100; 47.084 ; 4.708.400
;;;; SUBTOTAL INSTALACION DE REMATE + RESIDENTE(33%) Y SISO(100%) ; 5.147.813
10;INSTALACION DE REMATE CURVO + RESIDENTE(33%) Y SISO(100%);;;; 8.053.385
10,1;INSTALACION DE CABALLETE ó LIMATESA CURVO;ML;2,85; 59.537 ; 169.680
10,2;INSTALACION DE SOLAPAS CON RANURA CURVA;ML;2,85; 44.882 ; 127.914
10,3;INSTALACION DE SOLAPAS SIN RANURA CURVA;ML;2,85; 29.636 ; 84.463
10,4;INSTALACION DE GOTERO CURVO;ML;2,85; 21.683 ; 61.797
10,5;INSTALACION DE CONTRACABALLETE CURVO;ML;2,85; 33.310 ; 94.934
10,6;INSTALACION DE ESQUINERO CURVO;ML;2,85; 44.034 ; 125.497
10,7;INSTALACION DE LIMAHOYA CURVA;ML;100; 73.891 ; 7.389.100
;;;; SUBTOTAL INSTALACION DE REMATE CURVO + RESIDENTE(33%) Y SISO(100%) ; 8.053.385
11;SUMINISTRO DE CANAL CAL.22;;;; 571.115
11,1;CANAL - SOLO LAMINA CAL 22 DE 120 CMTS;ML;2,85; 65.493 ; 186.655
11,2;CANAL - SOLO LAMINA CAL 22 DE 100 CMTS;ML;2,85; 55.229 ; 157.403
11,3;CANAL - SOLO LAMINA CAL 22 DE 80 CMTS;ML;2,85; 44.966 ; 128.153
11,4;CANAL - SOLO LAMINA CAL 22 DE 60 CMTS;ML;2,85; 34.703 ; 98.904
;;;; SUBTOTAL SUMINISTRO DE CANAL CAL.22 ; 571.115
12;SUMINISTRO DE CANAL CAL.24;;;; 423.932
12,1;CANAL - SOLO LAMINA CAL 24 DE 120 CMTS;ML;2,85; 48.372 ; 137.860
12,2;CANAL - SOLO LAMINA CAL 24 DE 100 CMTS;ML;2,85; 40.915 ; 116.608
12,3;CANAL - SOLO LAMINA CAL 24 DE 80 CMTS;ML;2,85; 33.459 ; 95.358
12,4;CANAL - SOLO LAMINA CAL 24 DE 60 CMTS;ML;2,85; 26.002 ; 74.106
;;;; SUBTOTAL SUMINISTRO DE CANAL CAL.24 ; 423.932
13;INSTALACION DE CANAL;;;; 12.496.300
13,1;CANAL EN LAMINA - MANO DE OBRA Y FORMACION;ML;100; 70.116 ; 7.011.600
13,2;CANAL EN RESINA POLIESTER - MANO DE OBRA Y FORMACION;ML;100; 54.847 ; 5.484.700
;;;; SUBTOTAL INSTALACION DE CANAL ; 12.496.300
14;SUM. APLIC. PROTECCION DE PANEL CON PINTURA BRONCO;;;; 6.578
14,1;PROTECCION DE POLIURETANO CON PINTURA BRONCO;ML;1; 6.578 ; 6.578
;;;; SUBTOTAL SUM. APLIC. PROTECCION DE PANEL CON PINTURA BRONCO ; 6.578
15;PLATINADO DE CORREAS EN VARILLA POR METRO CUADRADO (M2);;;; 6.158.658
15,1;"SUMINISTRO DE PLATINA 1/8""x1-1/2""";M2;374; 9.349 ; 3.496.526
15,2;INSTALACION PLATINADO CORREAS (EJEMPLO: BRAKO 1);M2;374; 7.118 ; 2.662.132
;;;; SUBTOTAL PLATINADO DE CORREAS EN VARILLA POR METRO CUADRADO (M2) ; 6.158.658
16;PLATINADO DE CORREAS EN VARILLA POR METRO LINEAL (ML);;;; 6.644.708
16,1;"SUMINISTRO DE PLATINA 1/8""x1-1/2""";ML;294; 11.479 ; 3.374.826
16,2;INSTALACION PLATINADO CORREAS (EJEMPLO: BRAKO 1);M2;374; 8.743 ; 3.269.882
;;;; SUBTOTAL PLATINADO DE CORREAS EN VARILLA POR METRO LINEAL (ML) ; 6.644.708
17;MANO DE OBRA MANTENIMIENTO 2025 ;;;; 73.377.919
;CUADRILLA DE 2 TECHADORES 1 DIA;DIA;1; 877.529 ; 877.529
;CUADRILLA DE 2 TECHADORES 6 DIAS;DIA;6; 744.142 ; 4.464.852
;CUADRILLA DE 2 TECHADORES 1 MES;DIA;22; 652.356 ; 14.351.832
;CUADRILLA DE 3 TECHADORES 1 DIA;DIA;1; 1.024.472 ; 1.024.472
;CUADRILLA DE 3 TECHADORES 6 DIAS;DIA;6; 894.785 ; 5.368.710
;CUADRILLA DE 3 TECHADORES 1 MES;DIA;22; 802.999 ; 17.665.978
;CUADRILLA DE 4 TECHADORES 1 DIA;DIA;1; 1.115.635 ; 1.115.635
;CUADRILLA DE 4 TECHADORES 6 DIAS;DIA;6; 1.050.356 ; 6.302.136
;CUADRILLA DE 4 TECHADORES 1 MES;DIA;22; 958.570 ; 21.088.540
;CUADRILLA DE 4 TECHADORES 1 DIA;DIA;1; 1.118.235 ; 1.118.235
;;;; SUBTOTAL MANO DE OBRA MANTENIMIENTO 2025  ; 73.377.919
18;LIMPIEZA CUBIERTA;;;; 5.664
;LIMPIEZA DE CUBIERTA CUADRILLA DE 3;M2;1; 3.097 ; 3.097
;LIMPIEZA DE CUBIERTA CUADRILLA DE 4;M2;1; 2.567 ; 2.567
;;;; SUBTOTAL LIMPIEZA CUBIERTA ; 5.664
;;;; SUBTOTAL ADECUACIÓN DE PINTURA DE CUBIERTA ; -
19;ARMADO Y DESARMADO DE ANDAMIOS CERTIFICADOS DE ACCESO;;;; 4.115.929
;ARMADO Y DESARMADO DE ANDAMIOS 1 CUERPO H=2.00MT;UND;1; 272.362 ; 272.362
;ARMADO Y DESARMADO DE ANDAMIOS 2 CUERPOS H=4.00MT;UND;1; 634.724 ; 634.724
;ARMADO Y DESARMADO DE ANDAMIOS 3 CUERPOS H=6.00MT;UND;1; 852.086 ; 852.086
;ARMADO Y DESARMADO DE ANDAMIOS 4 CUERPOS H=8.00MT;UND;1; 1.089.448 ; 1.089.448
;ARMADO Y DESARMADO DE ANDAMIOS 5 CUERPOS H=10.00MT;UND;1; 1.267.309 ; 1.267.309
;;;; SUBTOTAL ARMADO Y DESARMADO DE ANDAMIOS CERTIFICADOS DE ACCESO ; 4.115.929
20;SUMINISTRO DE ANDAMIOS CERTIFICADOS DE ACCESO;;;; 263.056
;ALQUILER ANDAMIO 1 CUERPO H=2.00MT;DÍA;1; 20.036 ; 20.036
;ALQUILER ANDAMIO 2 CUERPOS H=4.00MT;DÍA;1; 36.671 ; 36.671
;ALQUILER ANDAMIO 3 CUERPOS H=6.00MT;DÍA;1; 53.306 ; 53.306
;ALQUILER ANDAMIO 4 CUERPOS H=8.00MT;DÍA;1; 68.204 ; 68.204
;ALQUILER ANDAMIO 5 CUERPOS H=10.00MT;DÍA;1; 84.839 ; 84.839
;;;; SUBTOTAL SUMINISTRO DE ANDAMIOS CERTIFICADOS DE ACCESO ; 263.056
21;SUMINISTRO DE ANDAMIOS DE CARGA;;;; 745.886
;ALQUILER ANDAMIO DE CARGA H=2.00MT;DÍA;1; 41.368 ; 41.368
;ALQUILER ANDAMIO DE CARGA H=4.00MT;DÍA;1; 74.546 ; 74.546
;ALQUILER ANDAMIO DE CARGA H=6.00MT;DÍA;1; 107.725 ; 107.725
;ALQUILER ANDAMIO DE CARGA H=8.00MT;DÍA;1; 140.904 ; 140.904
;ALQUILER ANDAMIO DE CARGA H=10.00MT;DÍA;1; 174.082 ; 174.082
;ALQUILER ANDAMIO DE CARGA H=12.00MT;DÍA;1; 207.261 ; 207.261
;;;; SUBTOTAL SUMINISTRO DE ANDAMIOS DE CARGA ; 745.886
23;RESIDENTE ;;;; 1.001.583
;RESIDENTE OCUP. 30%;DÍA;1; 120.190 ; 120.190
;RESIDENTE OCUP. 50%;DÍA;1; 200.317 ; 200.317
;RESIDENTE OCUP. 70%;DÍA;1; 280.443 ; 280.443
;RESIDENTE OCUP. 100%;DÍA;1; 400.633 ; 400.633
;;;; SUBTOTAL RESIDENTE  ; 1.001.583
21;M.O. IZAJE MANUAL;;;; 78.906
;MANO DE OBRA IZAJE MANUAL DE TEJA SENCILLA CUADRILLA DE 3;M2;1; 7.179 ; 7.179
;MANO DE OBRA IZAJE MANUAL DE TEJA SENCILLA CUADRILLA DE 4;M2;1; 5.867 ; 5.867
;MANO DE OBRA IZAJE MANUAL DE TEJA SENCILLA CUADRILLA DE 5 ;M2;1; 5.120 ; 5.120
;MANO DE OBRA IZAJE MANUAL DE TEJA SENCILLA CUADRILLA DE 7;M2;1; 4.276 ; 4.276
;MANO DE OBRA IZAJE MANUAL DE TEJA SENCILLA CUADRILLA DE 9;M2;1; 3.860 ; 3.860
;MANO DE OBRA IZAJE MANUAL DE PANEL SANDWICH CUADRILLA DE 3;M2;1; 14.359 ; 14.359
;MANO DE OBRA IZAJE MANUAL DE PANEL SANDWICH CUADRILLA DE 4;M2;1; 11.733 ; 11.733
;MANO DE OBRA IZAJE MANUAL DE PANEL SANDWICH CUADRILLA DE 5 ;M2;1; 10.240 ; 10.240
;MANO DE OBRA IZAJE MANUAL DE PANEL SANDWICH CUADRILLA DE 7;M2;1; 8.552 ; 8.552
;MANO DE OBRA IZAJE MANUAL DE PANEL SANDWICH CUADRILLA DE 9;M2;1; 7.720 ; 7.720
;;;; SUBTOTAL M.O. IZAJE MANUAL ; 78.906
22;M.O. IZAJE CON EQUIPO RESIDENTE 50%;;;; 16.690
;MANO DE OBRA IZAJE CON EQUIPO DE TEJA SENCILLA CUADRILLA DE 3;M2;1; 1.368 ; 1.368
;MANO DE OBRA IZAJE CON EQUIPO DE TEJA SENCILLA CUADRILLA DE 4;M2;1; 1.185 ; 1.185
;MANO DE OBRA IZAJE CON EQUIPO DE TEJA SENCILLA CUADRILLA DE 5 ;M2;1; 1.089 ; 1.089
;MANO DE OBRA IZAJE CON EQUIPO DE TEJA SENCILLA CUADRILLA DE 7;M2;1; 982 ; 982
;MANO DE OBRA IZAJE CON EQUIPO DE TEJA SENCILLA CUADRILLA DE 9;M2;1; 940 ; 940
;MANO DE OBRA IZAJE CON EQUIPO DE PANEL SANDWICH CUADRILLA DE 3;M2;1; 2.735 ; 2.735
;MANO DE OBRA IZAJE CON EQUIPO DE PANEL SANDWICH CUADRILLA DE 4;M2;1; 2.370 ; 2.370
;MANO DE OBRA IZAJE CON EQUIPO DE PANEL SANDWICH CUADRILLA DE 5 ;M2;1; 2.177 ; 2.177
;MANO DE OBRA IZAJE CON EQUIPO DE PANEL SANDWICH CUADRILLA DE 7;M2;1; 1.964 ; 1.964
;MANO DE OBRA IZAJE CON EQUIPO DE PANEL SANDWICH CUADRILLA DE 9;M2;1; 1.880 ; 1.880
;;;; SUBTOTAL M.O. IZAJE CON EQUIPO RESIDENTE 50% ; 16.690
24;M.O. DESMONTE DE CUBIERTA;;;; 81.726
;MANO DE OBRA DESMONTE DE TEJA DE ASBESTO CUADRILLA DE 3;M2;1; 12.274 ; 12.274
;MANO DE OBRA DESMONTE DE TEJA DE ASBESTO CUADRILLA DE 4;M2;1; 10.429 ; 10.429
;MANO DE OBRA DESMONTE DE TEJA DE ASBESTO CUADRILLA DE 5;M2;1; 9.427 ; 9.427
;MANO DE OBRA DESMONTE DE TEJA DE ASBESTO CUADRILLA DE 7;M2;1; 8.304 ; 8.304
;MANO DE OBRA DESMONTE DE TEJA DE ASBESTO CUADRILLA DE 9;M2;1; 8.674 ; 8.674
;MANO DE OBRA DESMONTE DE TEJA METÁLICA CUADRILLA DE 3;M2;1; 7.978 ; 7.978
;MANO DE OBRA DESMONTE DE TEJA METÁLICA CUADRILLA DE 4;M2;1; 8.036 ; 8.036
;MANO DE OBRA DESMONTE DE TEJA METÁLICA CUADRILLA DE 5;M2;1; 6.127 ; 6.127
;MANO DE OBRA DESMONTE DE TEJA METÁLICA CUADRILLA DE 7;M2;1; 5.398 ; 5.398
;MANO DE OBRA DESMONTE DE TEJA METÁLICA CUADRILLA DE 9;M2;1; 5.079 ; 5.079
;;;; SUBTOTAL M.O. DESMONTE DE CUBIERTA ; 81.726
25;M.O. INSTALACIÓN DE CUBIERTA;;;; 650.695
;MANO DE OBRA INSTALACIÓN TEJA SENCILLA CUADRILLA DE 3;M2;1; 15.883 ; 15.883
;MANO DE OBRA INSTALACIÓN TEJA SENCILLA CUADRILLA DE 4;M2;1; 12.358 ; 12.358
;MANO DE OBRA INSTALACIÓN TEJA SENCILLA CUADRILLA DE 5;M2;1; 10.268 ; 10.268
;MANO DE OBRA INSTALACIÓN TEJA SENCILLA CUADRILLA DE 7;M2;1; 8.475 ; 8.475
;MANO DE OBRA INSTALACIÓN TEJA SENCILLA CUADRILLA DE 9;M2;1; 7.492 ; 7.492
;MANO DE OBRA INSTALACIÓN TEJA SENCILLA CUADRILLA DE 11;M2;1; 6.626 ; 6.626
;MANO DE OBRA INSTALACIÓN PANEL SANDWICH CUADRILLA DE 3;M2;1; 19.059 ; 19.059
;MANO DE OBRA INSTALACIÓN PANEL SANDWICH CUADRILLA DE 4;M2;1; 14.539 ; 14.539
;MANO DE OBRA INSTALACIÓN PANEL SANDWICH CUADRILLA DE 5;M2;1; 11.928 ; 11.928
;MANO DE OBRA INSTALACIÓN PANEL SANDWICH CUADRILLA DE 7;M2;1; 9.711 ; 9.711
;MANO DE OBRA INSTALACIÓN PANEL SANDWICH CUADRILLA DE 9;M2;1; 8.451 ; 8.451
;MANO DE OBRA INSTALACIÓN PANEL SANDWICH CUADRILLA DE 11;M2;1; 7.421 ; 7.421
;MANO DE OBRA INSTALACIÓN TEJA SENCILLA TRASLUCIDA CUADRILLA DE 3;M2;1; 23.797 ; 23.797
;MANO DE OBRA INSTALACIÓN TEJA SENCILLA TRASLUCIDA CUADRILLA DE 4;M2;1; 17.655 ; 17.655
;MANO DE OBRA INSTALACIÓN TEJA SENCILLA TRASLUCIDA CUADRILLA DE 5;M2;1; 14.165 ; 14.165
;MANO DE OBRA INSTALACIÓN TEJA SENCILLA TRASLUCIDA CUADRILLA DE 7;M2;1; 11.329 ; 11.329
;MANO DE OBRA INSTALACIÓN TEJA SENCILLA TRASLUCIDA CUADRILLA DE 9;M2;1; 10.252 ; 10.252
;MANO DE OBRA INSTALACIÓN TEJA SENCILLA TRASLUCIDA CUADRILLA DE 11;M2;1; 9.276 ; 9.276
;MANO DE OBRA INSTALACIÓN PANEL TRASLUCIDO CUADRILLA DE 3;M2;1; 53.879 ; 53.879
;MANO DE OBRA INSTALACIÓN PANEL TRASLUCIDO CUADRILLA DE 4;M2;1; 39.865 ; 39.865
;MANO DE OBRA INSTALACIÓN PANEL TRASLUCIDO CUADRILLA DE 5;M2;1; 31.914 ; 31.914
;MANO DE OBRA INSTALACIÓN PANEL TRASLUCIDO CUADRILLA DE 7;M2;1; 25.425 ; 25.425
;MANO DE OBRA INSTALACIÓN PANEL TRASLUCIDO CUADRILLA DE 9;M2;1; 23.189 ; 23.189
;MANO DE OBRA INSTALACIÓN PANEL TRASLUCIDO CUADRILLA DE 11;M2;1; 6.419 ; 6.419
;MANO DE OBRA INSTALACIÓN AISLAMIENTO CUADRILLA DE 3 (PARA SANDWICH ARMADO EN SITIO);M2;1; 2.279 ; 2.279
;MANO DE OBRA INSTALACIÓN AISLAMIENTO CUADRILLA DE 4 (PARA SANDWICH ARMADO EN SITIO);M2;1; 1.580 ; 1.580
;MANO DE OBRA INSTALACIÓN AISLAMIENTO CUADRILLA DE 5 (PARA SANDWICH ARMADO EN SITIO);M2;1; 1.877 ; 1.877
;MANO DE OBRA INSTALACIÓN AISLAMIENTO CUADRILLA DE 7 (PARA SANDWICH ARMADO EN SITIO);M2;1; 982 ; 982
;MANO DE OBRA INSTALACIÓN AISLAMIENTO CUADRILLA DE 9 (PARA SANDWICH ARMADO EN SITIO);M2;1; 895 ; 895
;MANO DE OBRA INSTALACIÓN AISLAMIENTO CUADRILLA DE 11 (PARA ANDWICH ARMADO EN SITIO);M2;1; 773 ; 773
;MANO DE OBRA INSTALACIÓN TEJA SENCILLA SUPERIOR CUADRILLA DE 3 ;M2;1; 13.676 ; 13.676
;MANO DE OBRA INSTALACIÓN TEJA SENCILLA SUPERIOR CUADRILLA DE 4;M2;1; 9.873 ; 9.873
;MANO DE OBRA INSTALACIÓN TEJA SENCILLA SUPERIOR CUADRILLA DE 5;M2;1; 7.776 ; 7.776
;MANO DE OBRA INSTALACIÓN TEJA SENCILLA SUPERIOR CUADRILLA DE 7;M2;1; 6.546 ; 6.546
;MANO DE OBRA INSTALACIÓN TEJA SENCILLA SUPERIOR CUADRILLA DE 9;M2;1; 8.218 ; 8.218
;MANO DE OBRA INSTALACIÓN TEJA SENCILLA SUPERIOR CUADRILLA DE 11;M2;1; 5.797 ; 5.797
;MANO DE OBRA INSTALACIÓN POLICARBONATO ALVEOLAR CUADRILLA DE 3 ;M2;1; 22.794 ; 22.794
;MANO DE OBRA INSTALACIÓN POLICARBONATO ALVEOLAR CUADRILLA DE 4;M2;1; 16.926 ; 16.926
;MANO DE OBRA INSTALACIÓN POLICARBONATO ALVEOLAR CUADRILLA DE 5;M2;1; 13.609 ; 13.609
;MANO DE OBRA INSTALACIÓN POLICARBONATO ALVEOLAR CUADRILLA DE 7;M2;1; 12.096 ; 12.096
;MANO DE OBRA INSTALACIÓN POLICARBONATO ALVEOLAR CUADRILLA DE 9;M2;1; 11.460 ; 11.460
;MANO DE OBRA INSTALACIÓN POLICARBONATO ALVEOLAR CUADRILLA DE 11;M2;1; 9.276 ; 9.276
;MANO DE OBRA INSTALACIÓN POLICARBONATO MACIZO CUADRILLA DE 3 ;M2;1; 21.040 ; 21.040
;MANO DE OBRA INSTALACIÓN POLICARBONATO MACIZO CUADRILLA DE 4;M2;1; 15.798 ; 15.798
;MANO DE OBRA INSTALACIÓN POLICARBONATO MACIZO CUADRILLA DE 5;M2;1; 12.808 ; 12.808
;MANO DE OBRA INSTALACIÓN POLICARBONATO MACIZO CUADRILLA DE 7;M2;1; 8.186 ; 8.186
;MANO DE OBRA INSTALACIÓN POLICARBONATO MACIZO CUADRILLA DE 9;M2;1; 6.048 ; 6.048
;MANO DE OBRA INSTALACIÓN POLICARBONATO MACIZO CUADRILLA DE 11;M2;1; 8.834 ; 8.834
;MANO DE OBRA INSTALACIÓN FRESCASA CUADRILLA DE 3 ;M2;1; 7.198 ; 7.198
;MANO DE OBRA INSTALACIÓN FRESCASA CUADRILLA DE 4;M2;1; 5.924 ; 5.924
;MANO DE OBRA INSTALACIÓN FRESCASA CUADRILLA DE 5;M2;1; 5.184 ; 5.184
;MANO DE OBRA INSTALACIÓN FRESCASA CUADRILLA DE 7;M2;1; 4.463 ; 4.463
;MANO DE OBRA INSTALACIÓN FRESCASA CUADRILLA DE 9;M2;1; 5.538 ; 5.538
;MANO DE OBRA INSTALACIÓN FRESCASA CUADRILLA DE 11;M2;1; 3.865 ; 3.865
;;;; SUBTOTAL M.O. INSTALACIÓN DE CUBIERTA ; 650.695
26;M.O. INDUCCIÓN - TRASCIEGO/ACARREO;;;; 5.923.521
;MANO DE OBRA INDUCCIÓN X 1 DÍA CUADRILLA DE 3;DÍA;1; 820.579 ; 820.579
;MANO DE OBRA INDUCCIÓN X 1 DÍA CUADRILLA DE 4;DÍA;1; 947.855 ; 947.855
;MANO DE OBRA INDUCCIÓN X 1 DÍA CUADRILLA DE 5;DÍA;1; 1.088.684 ; 1.088.684
;MANO DE OBRA INDUCCIÓN X 1 DÍA CUADRILLA DE 7;DÍA;1; 1.374.611 ; 1.374.611
;MANO DE OBRA INDUCCIÓN X 1 DÍA CUADRILLA DE 9;DÍA;1; 1.691.792 ; 1.691.792
;;;; SUBTOTAL M.O. INDUCCIÓN - TRASCIEGO/ACARREO ; 5.923.521
27;M.O. INSTALACIÓN DE LINEAS DE VIDA PROVISIONALES;;;; -
;;;; SUBTOTAL M.O. INSTALACIÓN DE LINEAS DE VIDA PROVISIONALES ; -
18;EQUIPOS HABITUALES;;;; 149.182
;ESCALERA EN FIBRA DE VIDRIO;UND;1; 7.606 ; 7.606
;ALQUILER CAMPAMENTO ESTRUTECHOS;UND;1; 10.258 ; 10.258
;ALQUILER BAÚL DE HERRAMIENTAS;UND;1; 2 ; 2
;ALQUILER LINEAS DE VIDA;UND;1; 9 ; 9
;ALQUILER PULIDORA;UND;1; 3 ; 3
;ALQUILER ATORNILLADORA;UND;1; 4 ; 4
;ALQUILER EXTENSIONES;UND;1; 4 ; 4
;ALQUILER TABLERO ELECTRICO;UND;1; 1 ; 1
;ALQUILER HIDROLAVADORA;UND;1; 7.600 ; 7.600
;ALQUILER ASPIRADORA;UND;1; 23 ; 23
;ALQUILER ESCALERILLA CAMINADERO;UND;1; 2 ; 2
;ALQUILER CARPA TOLDO IMPACT 3.60X9.00MT;UND;1; 15.721 ; 15.721
;ALQUILER CARPA TOLDO IMPACT 3.60X6.00MT;UND;1; 10.481 ; 10.481
;ALQUILER TABLERO ELECTRICO PROTECCION GFCI;UND;1; 9.397 ; 9.397
;"ALQUILER SIERRA SABLE 6""";UND;1; 8 ; 8
;ALQUILER MONTACARGAS ESTRUTECHOS;UND;1; 87.717 ; 87.717
;ALQUILER SOPLADORA DE AIRE ELECTRICA TUPER 900W;UND;1; 346 ; 346
;;;; SUBTOTAL EQUIPOS HABITUALES ; 149.182
19;EQUIPOS ESPECIALES PARA CIUDAD CALI;;;; 19.843.249
;ALQUILER GRÚA TELESCOPICA 20 TON;DÍA;1; 2.570.400 ; 2.570.400
;ALQUILER GRÚA TELESCOPICA 30 TON;DÍA;1; 2.760.800 ; 2.760.800
;ALQUILER GRÚA TELESCOPICA 40 TON;DÍA;1; 3.046.400 ; 3.046.400
;TRANSPORTE DE GRÚA 20TON ó 30TON - SUR DE CALI;VIAJE;1; 2.023.000 ; 2.023.000
;TRANSPORTE DE GRÚA 20TON Ó 30TON - NORTE DE CALI;VIAJE;1; 1.309.000 ; 1.309.000
;TRANSPORTE DE GRÚA 40TON - SUR DE CALI;VIAJE;1; 2.261.000 ; 2.261.000
;TRANSPORTE DE GRÚA 40TON - NORTE DE CALI;VIAJE;1; 1.487.500 ; 1.487.500
;ALQUILER PALOMIER;DÍA;1; -   ; -
;ALQUILER MANLIFT H= 15MT;DÍA;1; 803.250 ; 803.250
;TRANSPORTE DE MANLIFT - CALI;VIAJE;1; 476.000 ; 476.000
;TRANSPORTE PLATAFORMA TIJERA - CALI;VIAJE;1; -   ; -
;ALQUILER PLATAFORMA TIPO TIJERA H=12MT;DÍA;1; 690.199 ; 690.199
;ALQUILER CONTENEDOR TIPO BODEGA 20 PIES;MES;1; 476.000 ; 476.000
;ALQUILER CONTENEDOR TIPO OFICINA 20 PIES;MES;1; 892.500 ; 892.500
;TRANSPORTE CONTENEDOR - CALI;VIAJE;1; 297.500 ; 297.500
;ALQUILER BAÑO PORTATIL;MES;1; 749.700 ; 749.700
;;;; SUBTOTAL EQUIPOS ESPECIALES PARA CIUDAD CALI ; 19.843.249
20;CORTE, PASE Y SELLO;;;; 20.773.380
;CORTE, PASE Y SELLO DE 10x10CM PANEL SANDWICH;UND;1; 194.873 ; 194.873
;CORTE, PASE Y SELLO DE 20x20CM PANEL SANDWICH;UND;1; 365.039 ; 365.039
;CORTE, PASE Y SELLO DE 30x30CM PANEL SANDWICH;UND;1; 483.149 ; 483.149
;CORTE, PASE Y SELLO DE 40X40CM PANEL SANDWICH;UND;1; 703.328 ; 703.328
;CORTE, PASE Y SELLO DE 50X50CM PANEL SANDWICH;UND;1; 810.542 ; 810.542
;CORTE, PASE Y SELLO DE 60X60CM PANEL SANDWICH;UND;1; 949.329 ; 949.329
;CORTE, PASE Y SELLO DE 70X70CM PANEL SANDWICH;UND;1; 1.138.522 ; 1.138.522
;CORTE, PASE Y SELLO DE 80X80CM PANEL SANDWICH;UND;1; 1.416.396 ; 1.416.396
;CORTE, PASE Y SELLO DE 90X90CM PANEL SANDWICH;UND;1; 1.524.205 ; 1.524.205
;CORTE, PASE Y SELLO DE 100X100CM PANEL SANDWICH;UND;1; 1.701.283 ; 1.701.283
;CORTE, PASE Y SELLO DE 110X110CM PANEL SANDWICH;UND;1; 1.919.745 ; 1.919.745
;CORTE, PASE Y SELLO DE 120X120CM PANEL SANDWICH;UND;1; 2.105.067 ; 2.105.067
;CORTE, PASE Y SELLO DE 10X10CM TEJA SENCILLA;UND;1; 116.995 ; 116.995
;CORTE, PASE Y SELLO DE 20X20CM TEJA SENCILLA;UND;1; 209.283 ; 209.283
;CORTE, PASE Y SELLO DE 30X30CM TEJA SENCILLA;UND;1; 276.027 ; 276.027
;CORTE, PASE Y SELLO DE 40X40CM TEJA SENCILLA;UND;1; 396.761 ; 396.761
;CORTE, PASE Y SELLO DE 50X50CM TEJA SENCILLA;UND;1; 459.800 ; 459.800
;CORTE, PASE Y SELLO DE 60X60CM TEJA SENCILLA;UND;1; 535.085 ; 535.085
;CORTE, PASE Y SELLO DE 70X70CM TEJA SENCILLA;UND;1; 639.305 ; 639.305
;CORTE, PASE Y SELLO DE 80X80CM TEJA SENCILLA;UND;1; 778.380 ; 778.380
;CORTE, PASE Y SELLO DE 90X90CM TEJA SENCILLA;UND;1; 864.623 ; 864.623
;CORTE, PASE Y SELLO DE 100X100CM TEJA SENCILLA;UND;1; 952.458 ; 952.458
;CORTE, PASE Y SELLO DE 110X110CM TEJA SENCILLA;UND;1; 1.055.236 ; 1.055.236
;CORTE, PASE Y SELLO DE 120X120CM TEJA SENCILLA;UND;1; 1.177.949 ; 1.177.949
;;;; SUBTOTAL CORTE, PASE Y SELLO ; 20.773.380
21;CAMINADEROS;;;; 764.587
;CAMINADEROS EN ALUMINIO CUBIERTA EN TST;ML;1; 194.471 ; 194.471
;CAMINADEROS EN ALUMINIO CUBIERTA EN TEJA TRAPEZOIDAL;ML;1; 179.845 ; 179.845
;CAMINADEROS EN ALUMINIO CUBIERTA EN TST - LONGITUDINAL (SENTIDO DEL AGUA);ML;1; 202.482 ; 202.482
;CAMINADEROS EN ALUMINIO CUBIERTA EN TEJA TRAPEZOIDAL - LONGITUDINAL (SENTIDO DEL AGUA);ML;1; 187.789 ; 187.789
;;;; SUBTOTAL CAMINADEROS ; 764.587
22;REJILLAS CANAL;;;; 633.248
;REJILLA CANAL EN MALLA PLASTICA;ML;1; 39.610 ; 39.610
;REJILLA CANAL EN MALLA ALUMIIO MICROPERFORADO;ML;1; 204.665 ; 204.665
;REJILLA CANAL EN MALLA EXPANDIDA ACERO GALVANIZADO PINTADA HUECO 12;ML;1; 100.399 ; 100.399
;REJILLA CANAL EN MALLA EXPANDIDA ACERO GALVANIZADO PINTADA HUECO 16;ML;1; 97.972 ; 97.972
;REJILLA CANAL EN MALLA EXPANDIDA ACERO GALVANIZADO HUECO 12;ML;1; 95.908 ; 95.908
;REJILLA CANAL EN MALLA EXPANDIDA ACERO GALVANIZADO HUECO 16;ML;1; 94.694 ; 94.694
;;;; SUBTOTAL REJILLAS CANAL ; 633.248
23;SOLATUBES;;;; 1.458.983
;"SOLATUBE DE DIAMETRO 28""";UND;1; 1.458.983 ; 1.458.983
;;;; SUBTOTAL SOLATUBES ; 1.458.983
24;M.O. INSTALACIÓN DE FACHADA;;;; 360.169
;MANO DE OBRA INSTALACIÓN TEJA SENCILLA DE 45 - 50CM CUADRILLA DE 3;M2;1; 21.992 ; 21.992
;MANO DE OBRA INSTALACIÓN TEJA SENCILLA DE 45 - 50CM CUADRILLA DE 4;M2;1; 16.478 ; 16.478
;MANO DE OBRA INSTALACIÓN TEJA SENCILLA DE 45 - 50CM CUADRILLA DE 5;M2;1; 14.119 ; 14.119
;MANO DE OBRA INSTALACIÓN TEJA SENCILLA DE 45 - 50CM CUADRILLA DE 7;M2;1; 11.965 ; 11.965
;MANO DE OBRA INSTALACIÓN TEJA SENCILLA DE 45 - 50CM CUADRILLA DE 9;M2;1; 10.252 ; 10.252
;MANO DE OBRA INSTALACIÓN TEJA SENCILLA DE 45 - 50CM CUADRILLA DE 11;M2;1; 9.276 ; 9.276
;MANO DE OBRA INSTALACIÓN TEJA SENCILLA DE 100CM CUADRILLA DE 3;M2;1; 19.059 ; 19.059
;MANO DE OBRA INSTALACIÓN TEJA SENCILLA DE 100CM CUADRILLA DE 4;M2;1; 14.539 ; 14.539
;MANO DE OBRA INSTALACIÓN TEJA SENCILLA DE 100CM CUADRILLA DE 5;M2;1; 12.550 ; 12.550
;MANO DE OBRA INSTALACIÓN TEJA SENCILLA DE 100CM CUADRILLA DE 7;M2;1; 10.705 ; 10.705
;MANO DE OBRA INSTALACIÓN TEJA SENCILLA DE 100CM CUADRILLA DE 9;M2;1; 9.276 ; 9.276
;MANO DE OBRA INSTALACIÓN TEJA SENCILLA DE 100CM CUADRILLA DE 11;M2;1; 8.433 ; 8.433
;MANO DE OBRA INSTALACIÓN PANEL SANDWICH CUADRILLA DE 3;M2;1; 27.228 ; 27.228
;MANO DE OBRA INSTALACIÓN PANEL SANDWICH CUADRILLA DE 4;M2;1; 20.770 ; 20.770
;MANO DE OBRA INSTALACIÓN PANEL SANDWICH CUADRILLA DE 5;M2;1; 16.985 ; 16.985
;MANO DE OBRA INSTALACIÓN PANEL SANDWICH CUADRILLA DE 7;M2;1; 13.837 ; 13.837
;MANO DE OBRA INSTALACIÓN PANEL SANDWICH CUADRILLA DE 9;M2;1; 12.099 ; 12.099
;MANO DE OBRA INSTALACIÓN PANEL SANDWICH CUADRILLA DE 11;M2;1; 10.601 ; 10.601
;MANO DE OBRA INSTALACIÓN TEJA SENCILLA DE 30CM CUADRILLA DE 3;M2;1; 25.990 ; 25.990
;MANO DE OBRA INSTALACIÓN TEJA SENCILLA DE 30CM CUADRILLA DE 4;M2;1; 20.597 ; 20.597
;MANO DE OBRA INSTALACIÓN TEJA SENCILLA DE 30CM CUADRILLA DE 5;M2;1; 17.377 ; 17.377
;MANO DE OBRA INSTALACIÓN TEJA SENCILLA DE 30CM CUADRILLA DE 7;M2;1; 13.560 ; 13.560
;MANO DE OBRA INSTALACIÓN TEJA SENCILLA DE 30CM CUADRILLA DE 9;M2;1; 12.174 ; 12.174
;MANO DE OBRA INSTALACIÓN TEJA SENCILLA DE 30CM CUADRILLA DE 11;M2;1; 10.307 ; 10.307
;;;; SUBTOTAL M.O. INSTALACIÓN DE FACHADA ; 360.169
25;M.O. INSTALACIÓN DE FACHADA ARQUITECTONICA;;;; 424.468
;MANO DE OBRA INSTALACIÓN LAMINA MICROPERFORADA CUADRILLA DE 3;M2;1; 21.992 ; 21.992
;MANO DE OBRA INSTALACIÓN LAMINA MICROPERFORADA CUADRILLA DE 4;M2;1; 16.478 ; 16.478
;MANO DE OBRA INSTALACIÓN LAMINA MICROPERFORADA CUADRILLA DE 5;M2;1; 14.119 ; 14.119
;MANO DE OBRA INSTALACIÓN LAMINA MICROPERFORADA CUADRILLA DE 7;M2;1; 11.965 ; 11.965
;MANO DE OBRA INSTALACIÓN LAMINA MICROPERFORADA CUADRILLA DE 9;M2;1; 10.252 ; 10.252
;MANO DE OBRA INSTALACIÓN LAMINA MICROPERFORADA CUADRILLA DE 11;M2;1; 9.276 ; 9.276
;MANO DE OBRA INSTALACIÓN PANEL FENOLICO CUADRILLA DE 3;M2;1; 25.990 ; 25.990
;MANO DE OBRA INSTALACIÓN PANEL FENOLICO CUADRILLA DE 4;M2;1; 19.013 ; 19.013
;MANO DE OBRA INSTALACIÓN PANEL FENOLICO CUADRILLA DE 5;M2;1; 16.135 ; 16.135
;MANO DE OBRA INSTALACIÓN PANEL FENOLICO CUADRILLA DE 7;M2;1; 13.560 ; 13.560
;MANO DE OBRA INSTALACIÓN PANEL FENOLICO CUADRILLA DE 9;M2;1; 11.458 ; 11.458
;MANO DE OBRA INSTALACIÓN PANEL FENOLICO CUADRILLA DE 11;M2;1; 10.307 ; 10.307
;MANO DE OBRA INSTALACIÓN CELOSÍAS Y CORTASOLES CUADRILLA DE 3;M2;1; 31.766 ; 31.766
;MANO DE OBRA INSTALACIÓN CELOSÍAS Y CORTASOLES CUADRILLA DE 4;M2;1; 24.716 ; 24.716
;MANO DE OBRA INSTALACIÓN CELOSÍAS Y CORTASOLES CUADRILLA DE 5;M2;1; 21.514 ; 21.514
;MANO DE OBRA INSTALACIÓN CELOSÍAS Y CORTASOLES CUADRILLA DE 7;M2;1; 18.491 ; 18.491
;MANO DE OBRA INSTALACIÓN CELOSÍAS Y CORTASOLES CUADRILLA DE 9;M2;1; 14.984 ; 14.984
;MANO DE OBRA INSTALACIÓN CELOSÍAS Y CORTASOLES CUADRILLA DE 11;M2;1; 13.251 ; 13.251
;MANO DE OBRA INSTALACIÓN SUB-ESTRUCTURA DE SOPORTE CUADRILLA DE 3;M2;1; 31.766 ; 31.766
;MANO DE OBRA INSTALACIÓN SUB-ESTRUCTURA DE SOPORTE CUADRILLA DE 4;M2;1; 24.716 ; 24.716
;MANO DE OBRA INSTALACIÓN SUB-ESTRUCTURA DE SOPORTE CUADRILLA DE 5;M2;1; 21.514 ; 21.514
;MANO DE OBRA INSTALACIÓN SUB-ESTRUCTURA DE SOPROTE CUADRILLA DE 7;M2;1; 18.491 ; 18.491
;MANO DE OBRA INSTALACIÓN SUB-ESTRUCTURA DE SOPORTE CUADRILLA DE 9;M2;1; 14.984 ; 14.984
;MANO DE OBRA INSTALACIÓN SUB-ESTRUCTURA DE SOPORTE CUADRILLA DE 11;M2;1; 7.730 ; 7.730
;;;; SUBTOTAL M.O. INSTALACIÓN DE FACHADA ARQUITECTONICA ; 424.468
;"TEJA SIN TRASLAPO 1.5"" ANCHO 50CM CAL. 26 ACABADO PINTURA PROTECT MASTER (PVDF+CLEAR)";M2;1; 56.278 ; 56.278
;"TEJA SIN TRASLAPO 1.5"" ANCHO 50CM CAL. 26 ACABADO PINTURA SUPERPOLIESTER";M2;1; 35.048 ; 35.048
;"TEJA SIN TRASLAPO 1.5"" ANCHO 50CM CAL. 26 ACABADO PINTURA PROTECT MASTER DUO (PVDF + CLEAR AMBOS LADOS)";M2;1; 78.985 ; 78.985
;"TEJA SIN TRASLAPO 2"" ANCHO 45CM CAL. 26 ACABADO PINTURA SUPERPOLIESTER";M2;1; 38.970 ; 38.970
;"TEJA SIN TRASLAPO 2"" ANCHO 45CM CAL. 26 ACABADO PINTURA PROTECT MASTER (PVDF+CLEAR)";M2;1; 62.411 ; 62.411
;"TEJA SIN TRASLAPO 2"" ANCHO 45CM CAL. 26 ACABADO PINTURA PROTECT MASTER DUO (PVDF+CLEAR AMBOS LADOS)";M2;1; 87.788 ; 87.788
;"TEJA SIN TRASLAPO 1"" ANCHO 30CM CAL. 26 ACABADO PINTURA SUPERPOLIESTER";M2;1; 38.973 ; 38.973
;"TEJA SIN TRASLAPO 1"" ANCHO 30CM CAL. 26 ACABADO PINTURA PROTECT MASTER (PVDF+CLEAR)";M2;1; 62.651 ; 62.651
;"TEJA SIN TRASLAPO 1"" ANCHO 30CM CAL. 26 ACABADO PINTURA PROTECT MASTER DUO (PVDF+CLEAR AMBAS CARAS)";M2;1; 87.982 ; 87.982
;"TEJA SIN TRASLAPO 1.5"" ANCHO 50CM CAL. 24 ACABADO PINTURA SUPERPOLIESTER";M2;1; 43.686 ; 43.686
;"TEJA SIN TRASLAPO 1.5"" ANCHO 50CM CAL. 24 ACABADO PINTURA PROTECT MASTER (PVDF+CLEAR)";M2;1; 64.829 ; 64.829
;"TEJA SIN TRASLAPO 1.5"" ANCHO 50CM CAL. 24 ACABADO PINTURA PROTECT MASTER DUO (PVDF+CLEAR AMBOS LADOS)";M2;1; 20.036 ; 20.036
;"TEJA SIN TRASLAPO 2"" ANCHO 45CM CAL. 24 ACABADO PINTURA SUPERPOLIESTER";M2;1; 12.274 ; 12.274
;"TEJA SIN TRASLAPO 2"" ANCHO 45CM CAL. 24 ACABADO PROTECT MASTER (PVDF+CLEAR)";M2;1; 36.671 ; 36.671
;"TEJA SIN TRASLAPO 2"" 45CM CAL. 24 ACABADO PROTECTO MASTER DUO (PVDF+CLEAR AMBOS LADOS)";M2;1; 74.546 ; 74.546
;"TEJA SIN TRASLAPO 1"" 30CM CAL. 24 ACABADO PINTURA SUPERPOLIESTER";M2;1; 48.447 ; 48.447
;;;; SUBTOTAL SUMINISTRO TEJA SIN TRASLAPO PREPINTADA ACESCO  ; 849.575
;"TEJA SIN TRASLAPO 1.5"" ANCHO 50CM CAL. 26 GAVANIZADO";M2;1; 56.278 ; 56.278
;"TEJA SIN TRASLAPO 2"" ANCHO 45CM CAL. 26 GALVANIZADO";M2;; -   ; -
;"TEJA SIN TRASLAPO 1.5"" ANCHO 50CM CAL. 24 GALVANIZADO";M2;; -   ; -
;"TEJA SIN TRASLAPO 2"" ANCHO 45CM CAL 24 GALVANIZADO";M2;; -   ; -
;;;; SUBTOTAL SUMINISTRO TEJA SIN TRASLAPO GALVANIZADA ACESCO ; 56.278
;TEJA ARQUITECTONICA CAL. 28 ACABADO PINTURA SUPERPOLIESTER;M2;1; 32.032 ; 32.032
;TEJA ARQUITECTONICA CAL. 28 ACABADO PINTURA PROTECT MASTER (PVDF + CLEAR);M2;1; 52.269 ; 52.269
;TEJA ARQUITECTONICA CAL. 28 ACABADO PINTURA PROTECT MASTER DUO (PVDF + CLEAR AMBOS LADOS);M2;1; 59.359 ; 59.359
;TEJA ARQUITECTONICA CAL. 26 ACABADO GALVANIZADO;M2;1; 27.758 ; 27.758
;TEJA ARQUITECTONICA CAL. 26 ACABADO PINTURA SUPERPOLIESTER;M2;1; 42.857 ; 42.857
;TEJA ARQUITECTONICA CAL. 26 ACABADO PINTURA PROTECT MASTER (PVDF+CLEAR);M2;1; -   ; -
;TEJA ARQUITECTONICA CAL. 26 ACABADO PINTURA PROTECT MASTER DUO (PVDF+CLEAR AMBOS ALDOS);M2;1; -   ; -
;TEJA ARQUITECTONICA CAL. 24 ACABADO GALVANIZADO;M2;1; -   ; -
;TEJA ARQUITECTONICA CAL. 24 ACABADO PINTURA SUPERPOLIESTER;M2;1; -   ; -
;TEJA ARQUITECTONICA CAL. 24 ACABADO PINTURA PROTECT MASTER (PVDF+CLEAR);M2;1; -   ; -
;;;; SUBTOTAL SUMINISTRO TEJA ARQUITECTONICA ACESCO ; 214.275
;;;; VALOR COSTOS DIRECTOS ; 91.536.308
;COSTOS INDIRECTOS;;;;
;;;;VALOR COSTOS DIRECTOS; 91.536.308
;;;ADMINISTRACION;9,00%; 8.238.268
;;;IMPREVISTOS;3,00%; 2.746.089
;;;UTILIDAD;5,00%; 4.576.815
;;;TOTAL AIU;17,00%; 15.561.172
;;;IVA SOBRE LA UTILIDAD;19,00%; 869.595
;;;;VALOR TOTAL PRESUPUESTO; 107.967.075
;;;;; -
;;;INTERVENTORIA;0%; -
;;;;TOTAL; 107.967.075
;;;IVA SOBRE COSTOS DIRECTOS + INDIRECTOS;0%; -
;;;;VALOR TOTAL PRESUPUESTO; 107.967.075
;VALOR  TOTAL PRESUPUESTO:;;;;
;CIENTO SIETE MILLONES NOVECIENTOS SESENTA Y SIETE MIL  SETENTA Y CINCO PESOS;;;;
